id,titulo,autor,precio,idEditorial
1,Tools,Crumbleholme,4745,2
2,Garden,Hanselman,2573,1
3,Home,Westfield,484,5
4,Outdoors,Davidovic,21,2
5,Automotive,Trees,515,5
6,Tools,Cromley,1394,5
7,Baby,Whall,3687,1
8,Industrial,Scolts,3977,5
9,Health,Edmondson,839,3
10,Garden,Rowcastle,5540,4
11,Health,Woodeson,2635,5
12,Clothing,Felgate,1431,2
13,Sports,Blaszkiewicz,2065,6
14,Clothing,McCracken,5065,5
15,Toys,Pashba,1183,1
16,Home,Glide,1790,3
17,Shoes,Roscamps,2893,5
18,Sports,Veschi,5491,4
19,Games,Varsey,1817,2
20,Outdoors,Korous,2641,4
21,Garden,Cayley,3237,6
22,Kids,Loomes,1611,4
23,Health,Vokes,907,1
24,Health,Kupker,1402,5
25,Health,Cockshot,4081,1
26,Music,Larchier,5190,5
27,Sports,Asipenko,1262,6
28,Computers,Tapp,3393,5
29,Home,Bowfin,5061,2
30,Industrial,Walbrun,1361,4
31,Computers,Hann,1295,4
32,Beauty,Dimitresco,1854,5
33,Garden,Pittet,3362,4
34,Jewelry,West-Frimley,1587,1
35,Tools,Labitt,3425,6
36,Grocery,Zwicker,760,4
37,Garden,Brind,3238,1
38,Garden,Dimitrijevic,3594,1
39,Electronics,Hamerton,3582,2
40,Grocery,Edgworth,3617,6
41,Jewelry,Ullock,2892,3
42,Kids,Anderton,3456,1
43,Shoes,Folley,4330,4
44,Sports,Flukes,4873,3
45,Sports,Orring,132,4
46,Music,Lynes,3148,5
47,Industrial,Regan,129,2
48,Electronics,Welbourn,5361,4
49,Movies,Corrison,1966,6
50,Outdoors,Duesberry,208,2
51,Books,Lyddyard,1262,5
52,Toys,Straffon,2889,6
53,Toys,Shrubsall,3356,1
54,Baby,Dallander,3745,4
55,Automotive,Onele,4638,3
56,Games,Vigours,3999,1
57,Toys,MacIver,2653,2
58,Home,Pleavin,2097,4
59,Baby,Claiden,3731,4
60,Jewelry,Dyble,4049,2
61,Tools,Marking,702,2
62,Industrial,Franceschielli,3633,3
63,Industrial,Toplis,4176,5
64,Music,Klee,3892,1
65,Health,Coggell,698,1
66,Kids,Longmate,2550,3
67,Kids,Extal,1116,3
68,Music,Conneely,4585,5
69,Clothing,Deighan,1015,1
70,Outdoors,Lorain,4261,1
71,Movies,Montfort,3811,6
72,Games,Doul,4958,4
73,Jewelry,MacAnelley,1802,1
74,Games,Haskew,2275,4
75,Toys,Shearn,227,6
76,Health,Olding,678,1
77,Baby,Welsby,1562,6
78,Beauty,Mazzei,4580,2
79,Beauty,Hemstead,1183,3
80,Electronics,Merwood,4568,3
81,Home,Swannick,4979,2
82,Kids,Spickett,5158,6
83,Beauty,Klemz,5331,6
84,Outdoors,Latehouse,1987,6
85,Computers,Danick,3055,6
86,Jewelry,Lincke,1781,4
87,Shoes,Croux,431,4
88,Outdoors,Slessar,1973,5
89,Toys,Maudett,5215,2
90,Shoes,Franks,2808,3
91,Jewelry,Ferfulle,5500,5
92,Grocery,Meert,2709,2
93,Toys,Klishin,3766,3
94,Home,Neising,2353,4
95,Games,Mengo,1061,1
96,Computers,McNamee,2951,5
97,Computers,Philipsohn,4357,4
98,Beauty,Packman,4292,5
99,Beauty,O'Loinn,5259,6
100,Tools,Camilletti,4101,4
101,Baby,Brugmann,3184,3
102,Electronics,Richen,3630,5
103,Jewelry,Lattimore,4051,3
104,Outdoors,Winskill,5170,4
105,Outdoors,Gymlett,2857,4
106,Music,Whines,2055,2
107,Toys,Lamort,2452,6
108,Baby,Pawels,2578,4
109,Grocery,Ion,3960,2
110,Grocery,Mehew,127,1
111,Books,Chorley,2860,1
112,Shoes,Sawdy,4226,2
113,Home,Cohn,2222,6
114,Automotive,Ianne,1678,6
115,Baby,Breslau,3058,4
116,Health,Staines,2573,3
117,Sports,Castanyer,2131,2
118,Electronics,Larcombe,5471,5
119,Toys,Persian,443,1
120,Garden,Helin,674,3
121,Computers,Sheardown,3672,6
122,Beauty,Jeffryes,4386,4
123,Automotive,Barwis,1903,6
124,Toys,Hannum,2603,5
125,Beauty,Waliszek,1495,6
126,Health,Simper,2175,4
127,Grocery,Berrey,3964,4
128,Tools,Mole,5124,5
129,Electronics,Lehrian,2424,4
130,Baby,Oherlihy,3076,2
131,Health,Merner,2033,5
132,Kids,O'Regan,2881,4
133,Health,Bavister,2186,3
134,Music,Flight,1367,1
135,Clothing,Joliffe,3146,5
136,Grocery,Nettleship,3574,5
137,Health,Hazley,795,4
138,Games,Maria,723,1
139,Electronics,Hoggin,4570,3
140,Kids,Landa,2808,2
141,Jewelry,Yurygyn,4584,2
142,Electronics,Cheel,4277,1
143,Health,Lantuffe,1552,1
144,Shoes,Shaylor,169,6
145,Garden,O'Calleran,4040,5
146,Beauty,O'Duilleain,5354,2
147,Kids,Berthot,39,4
148,Garden,MacLeese,3766,1
149,Grocery,Brownhill,4126,5
150,Baby,Fivey,1085,5
151,Movies,Olivera,2550,6
152,Computers,Burchatt,5386,4
153,Health,Castro,2037,1
154,Electronics,Edrich,3771,2
155,Grocery,Mahmood,387,4
156,Health,Dovidian,2144,1
157,Music,Boord,2463,1
158,Automotive,Gearing,4476,5
159,Games,Pilsbury,2366,1
160,Outdoors,Thewless,5008,2
161,Jewelry,Blanning,4066,3
162,Electronics,Ballefant,2207,4
163,Baby,Baddow,1210,5
164,Tools,Killingbeck,3039,6
165,Jewelry,Searles,1282,3
166,Health,Losebie,4462,1
167,Garden,Bools,2144,1
168,Clothing,Dukesbury,781,6
169,Clothing,Bacup,285,2
170,Automotive,Minchi,1562,1
171,Automotive,Emanson,471,4
172,Grocery,Pargent,587,2
173,Automotive,Fellow,5483,3
174,Garden,Vitte,78,5
175,Automotive,Rosario,1691,4
176,Toys,Griswaite,2147,1
177,Music,Radbourn,2328,5
178,Outdoors,Blown,4470,6
179,Clothing,Ingles,5047,6
180,Shoes,Pizer,4435,4
181,Books,Cella,1275,1
182,Shoes,Lidbetter,1315,1
183,Grocery,Cardenosa,834,5
184,Movies,Bohman,612,1
185,Tools,Novelli,134,2
186,Toys,Giller,1287,4
187,Garden,Warlawe,1839,4
188,Health,Benne,2535,4
189,Baby,Jobbins,3459,1
190,Computers,Ives,31,2
191,Clothing,Baigrie,64,3
192,Games,Northing,1136,6
193,Kids,Merigot,4328,6
194,Toys,Denziloe,2457,3
195,Garden,Cohen,1274,6
196,Computers,Karys,3632,5
197,Grocery,Esposita,524,6
198,Movies,Kehoe,4407,6
199,Games,Stobie,1742,2
200,Home,Klimko,3294,2
201,Industrial,Cadreman,2259,6
202,Electronics,Chark,4804,2
203,Industrial,MacTrustam,4293,1
204,Tools,Huggen,1955,1
205,Movies,Goodchild,2575,6
206,Outdoors,Wall,1570,3
207,Baby,Dedman,1754,2
208,Home,Buckingham,1722,6
209,Outdoors,Wychard,948,4
210,Music,Gooley,2438,1
211,Home,Rizzetti,1620,6
212,Electronics,Humbey,3197,1
213,Kids,Dedney,3423,2
214,Grocery,Marsay,878,6
215,Books,Becconsall,3041,4
216,Books,Copelli,3210,4
217,Industrial,Upward,5075,2
218,Home,Shearer,3561,5
219,Sports,Golde,2661,1
220,Toys,Treadaway,3862,1
221,Music,Porkiss,1944,1
222,Home,Siebert,176,3
223,Books,Stemson,2232,4
224,Electronics,Bretland,1919,6
225,Toys,Lothlorien,5470,2
226,Tools,Nicholl,2597,5
227,Garden,Goudman,2838,4
228,Clothing,Longhorne,591,1
229,Garden,Bowskill,5062,2
230,Home,Giblin,1954,5
231,Games,Balden,4320,3
232,Outdoors,Alexsandrovich,1955,2
233,Books,Garratt,2896,5
234,Shoes,Eckart,5145,2
235,Shoes,Danelutti,4548,5
236,Computers,Fewings,461,6
237,Beauty,Stuckley,2056,5
238,Shoes,Sorrell,5362,3
239,Books,Prosch,161,3
240,Music,Labbett,3973,5
241,Automotive,Lippard,927,5
242,Beauty,Fearnyhough,3374,5
243,Outdoors,Oyley,5306,3
244,Electronics,Bendare,680,4
245,Electronics,Boutwell,679,5
246,Electronics,Dabinett,5003,2
247,Beauty,Gonning,5347,5
248,Beauty,Wraighte,91,1
249,Shoes,Ismead,2552,3
250,Automotive,Van der Velden,4146,4
251,Grocery,Standall,5427,3
252,Shoes,Coldbath,3432,1
253,Grocery,Pottell,5185,5
254,Jewelry,Streeter,1431,2
255,Tools,Grooby,4375,6
256,Clothing,Fibbings,943,1
257,Beauty,Eddington,914,3
258,Home,Yersin,1153,4
259,Clothing,Marran,2960,2
260,Clothing,Shiel,1622,5
261,Movies,McElrath,2113,6
262,Tools,Gollard,1066,1
263,Sports,Marcinkus,5245,3
264,Books,O'Griffin,4200,3
265,Tools,Peschet,2135,1
266,Home,Sirkett,2078,1
267,Outdoors,Gorusso,902,2
268,Industrial,Coils,2831,5
269,Jewelry,Gilluley,3625,5
270,Tools,Barten,3034,1
271,Health,Weddup,1582,1
272,Clothing,Moir,2492,6
273,Computers,Franceschielli,5124,4
274,Shoes,Brusle,3835,2
275,Books,Andrivot,706,5
276,Garden,Gauge,1739,4
277,Electronics,Ramelot,143,4
278,Toys,Beslier,5130,2
279,Tools,McCreery,1370,4
280,Movies,Harmston,4121,4
281,Games,Atcherley,3029,2
282,Computers,Restorick,3,1
283,Jewelry,Molden,14,2
284,Books,Lower,3877,3
285,Shoes,Poulter,4698,2
286,Movies,Theriot,1055,2
287,Baby,Pozzo,2552,5
288,Electronics,Beardsley,512,2
289,Tools,Tutchings,1945,4
290,Clothing,Lorens,977,1
291,Outdoors,Hunday,1938,2
292,Industrial,Lantiff,1816,2
293,Home,Gyenes,4731,4
294,Clothing,Rhodef,1643,3
295,Baby,Raft,2703,6
296,Shoes,Ottiwill,2111,1
297,Shoes,Darey,545,2
298,Industrial,Gonning,2304,5
299,Games,Conry,4867,6
300,Games,Silversmid,4739,6
301,Industrial,Nevet,5565,2
302,Industrial,Domek,2432,1
303,Tools,Josef,3509,6
304,Computers,Capponer,2579,1
305,Health,Derby,3867,1
306,Baby,Shasnan,282,3
307,Outdoors,Willshee,3813,5
308,Automotive,Nowick,2111,1
309,Electronics,Sweett,1241,4
310,Sports,Menichillo,1408,3
311,Industrial,Fenby,1370,4
312,Kids,Borgnol,837,5
313,Beauty,Vannet,418,2
314,Computers,Nuccitelli,3690,4
315,Electronics,Weddup,2378,2
316,Automotive,Cuell,5124,2
317,Computers,Marmyon,867,5
318,Grocery,Rickford,4001,6
319,Tools,Tombleson,5199,4
320,Shoes,Uden,168,6
321,Electronics,Bonwick,2789,4
322,Movies,Waliszewski,5052,6
323,Jewelry,Cossington,3120,6
324,Sports,Lodemann,2433,6
325,Baby,McCarly,4903,3
326,Electronics,Slowly,3839,1
327,Home,Hawkswell,1459,3
328,Games,Adamowitz,2885,4
329,Shoes,Ramelet,3662,3
330,Music,Giblett,2132,2
331,Electronics,Farthin,645,4
332,Baby,Padly,5103,6
333,Games,Wickman,1580,6
334,Tools,Shinfield,2321,4
335,Movies,Goodlip,1851,4
336,Clothing,Halbard,883,4
337,Toys,Pedroni,54,4
338,Health,Stracey,4702,2
339,Home,Rewan,2177,6
340,Music,Rambaut,992,1
341,Kids,Yurenev,539,1
342,Tools,Wyson,136,2
343,Outdoors,Southgate,2125,6
344,Games,Ashenhurst,3881,2
345,Shoes,Landre,1446,1
346,Sports,Brawson,2549,2
347,Computers,Mongan,457,3
348,Beauty,Gallardo,4111,1
349,Garden,Shurville,5473,5
350,Kids,Mapplethorpe,5151,2
351,Baby,Fabbri,1297,4
352,Home,Garmons,3975,4
353,Music,O'Hengerty,4275,3
354,Baby,Jachimczak,4635,2
355,Toys,Doxsey,2498,1
356,Home,Murby,2536,6
357,Electronics,Kringe,2163,4
358,Books,Synan,249,1
359,Garden,Beange,4523,5
360,Automotive,Dutteridge,1046,3
361,Movies,Fetherstone,4893,4
362,Grocery,Stickells,980,1
363,Outdoors,Chasemore,3925,1
364,Music,Ringe,1983,1
365,Industrial,Sketcher,2308,1
366,Computers,Killock,2649,6
367,Outdoors,Meckiff,476,1
368,Toys,Saltrese,330,1
369,Shoes,Constant,4421,4
370,Movies,Voden,764,4
371,Books,Davidovsky,388,6
372,Sports,Thirlaway,5582,4
373,Jewelry,Agates,411,2
374,Games,Gai,2743,4
375,Sports,Spikins,5265,6
376,Home,Vasilyevski,4194,5
377,Automotive,Muirden,2135,5
378,Outdoors,Pimlock,735,1
379,Garden,Spataro,1273,5
380,Electronics,Axton,5478,6
381,Beauty,Endrighi,2981,5
382,Grocery,Pascho,1736,2
383,Home,Islip,976,4
384,Games,Symcoxe,3844,4
385,Shoes,Chapling,4578,5
386,Tools,Batterson,1541,2
387,Shoes,Tattersdill,3219,2
388,Home,Bulbrook,4053,6
389,Garden,Ferenc,1203,4
390,Games,Worman,1391,3
391,Toys,McClunaghan,3885,3
392,Movies,Rameau,663,4
393,Movies,Edser,2085,2
394,Kids,Pesek,2671,5
395,Baby,Brehat,4045,6
396,Clothing,Haughey,2362,4
397,Baby,Ditzel,37,3
398,Toys,Yetts,3242,1
399,Industrial,Bulluck,1430,5
400,Books,Tandey,5310,6
401,Music,McGarry,413,5
402,Electronics,Hebbs,1657,1
403,Tools,Gibben,2296,3
404,Garden,Victoria,1349,6
405,Home,Eastham,3127,1
406,Beauty,Mallebone,3819,3
407,Clothing,Winder,4944,5
408,Computers,Capstaff,2633,5
409,Kids,Adelman,719,1
410,Garden,Ransley,851,3
411,Garden,Argo,1256,5
412,Automotive,Bumpas,64,1
413,Home,Toynbee,1114,6
414,Shoes,McCreary,1531,5
415,Electronics,Duckham,892,2
416,Outdoors,Mathet,1756,4
417,Clothing,Amberson,5034,2
418,Jewelry,Coomes,261,6
419,Clothing,Biggadike,3409,3
420,Garden,Krishtopaittis,3016,1
421,Shoes,Luxton,1373,6
422,Home,Cremen,2235,6
423,Kids,Hardiman,4491,4
424,Home,Clitherow,1823,5
425,Computers,Furmagier,468,5
426,Toys,Bloomfield,3946,3
427,Outdoors,McErlaine,3781,1
428,Books,Satch,2816,2
429,Home,Gierardi,3479,1
430,Automotive,Gounod,5082,2
431,Beauty,Carney,232,5
432,Clothing,Accum,4898,3
433,Beauty,Fearnyough,3862,6
434,Home,Jepperson,2687,4
435,Clothing,Joder,3067,5
436,Clothing,Amoore,1981,6
437,Grocery,Wurst,2968,5
438,Outdoors,Jaquet,1948,4
439,Jewelry,Avrahamoff,798,1
440,Grocery,Mattei,4666,2
441,Grocery,McAster,2269,6
442,Baby,Tunbridge,2319,4
443,Automotive,Pitrasso,3253,1
444,Beauty,Canby,4343,3
445,Toys,Caslane,5503,5
446,Industrial,Maccaddie,2373,3
447,Garden,Colliford,647,1
448,Tools,Woodwing,4438,6
449,Clothing,Havenhand,2387,4
450,Movies,Gourdon,2152,4
451,Music,Fawdrie,1035,3
452,Toys,Conibear,229,3
453,Books,Franscioni,3758,1
454,Garden,Gauvin,1624,1
455,Outdoors,Huff,934,1
456,Tools,Poppy,1487,5
457,Clothing,Boatwright,585,1
458,Baby,Creenan,910,1
459,Tools,Wrathall,473,6
460,Baby,Mitkin,2903,1
461,Shoes,McCarry,3859,1
462,Tools,Harverson,3880,6
463,Books,Ecclesall,4873,5
464,Electronics,Dorney,3483,5
465,Jewelry,Carlisle,2860,6
466,Automotive,McNickle,2147,5
467,Tools,Owlner,2650,5
468,Kids,Rand,839,2
469,Shoes,Harsnipe,4143,6
470,Music,Connock,2386,2
471,Outdoors,Wolford,5006,3
472,Sports,Attlee,684,6
473,Jewelry,Ferran,3988,2
474,Movies,Jerdein,3469,1
475,Shoes,Melin,1791,6
476,Computers,Cisland,1103,4
477,Music,Hamsson,3066,6
478,Games,Nizet,3152,2
479,Beauty,Ganing,4260,3
480,Home,Pottberry,2622,2
481,Movies,Lansdown,1738,2
482,Clothing,Tipperton,646,6
483,Movies,Line,5335,2
484,Home,Houlden,1447,1
485,Grocery,Hearle,1612,3
486,Outdoors,Quilliam,2308,6
487,Music,McIlwreath,302,6
488,Outdoors,Prichard,5164,2
489,Shoes,Fyfield,4621,2
490,Music,Egginton,324,2
491,Electronics,Holbury,2456,5
492,Music,Swinden,2920,3
493,Games,Joslin,990,3
494,Sports,Benzies,1794,5
495,Movies,Pockey,1070,1
496,Outdoors,Hulland,650,5
497,Sports,Doumerque,3719,2
498,Jewelry,Tidbold,4967,3
499,Books,Persian,4243,2
500,Health,Perrigo,1388,4
501,Kids,Caldera,2664,2
502,Shoes,Hammarberg,2282,3
503,Home,Besnardeau,3883,1
504,Garden,Horstead,2265,4
505,Garden,Seth,1723,3
506,Music,Laker,4465,3
507,Clothing,Pratley,3306,2
508,Toys,Thacker,251,1
509,Toys,Arney,1171,2
510,Clothing,Hylton,515,5
511,Sports,Dobell,2529,5
512,Games,Blakden,1117,1
513,Kids,Petzold,4796,4
514,Computers,Hanwright,2000,5
515,Computers,Matous,1066,6
516,Grocery,Ashenhurst,1728,6
517,Sports,McGowan,4188,3
518,Music,Malt,2973,3
519,Grocery,Axelby,2458,5
520,Beauty,Franzonetti,5319,6
521,Automotive,Oldland,3991,2
522,Movies,Croome,5400,2
523,Grocery,Meeron,3885,1
524,Sports,Dallon,1522,4
525,Movies,Elnor,961,6
526,Kids,Pipe,1328,1
527,Automotive,Woakes,5,5
528,Automotive,McDonand,2432,5
529,Tools,Steptoe,4558,5
530,Kids,Bute,1649,6
531,Health,Maplestone,1236,6
532,Games,Maltby,4847,2
533,Home,Greengrass,3702,2
534,Books,Tinklin,1340,2
535,Movies,Whyborne,3876,5
536,Electronics,Hardinge,4741,5
537,Outdoors,Maykin,698,1
538,Books,Yurocjkin,406,6
539,Garden,Niaves,150,2
540,Movies,Mapam,4385,1
541,Tools,Klimp,5456,3
542,Computers,Alesio,1808,2
543,Jewelry,Hawkings,1311,2
544,Movies,Deaves,965,1
545,Music,Crocetti,2348,4
546,Jewelry,Mityashin,5300,5
547,Automotive,Biggadike,4794,6
548,Clothing,Coudray,1249,4
549,Jewelry,Stanford,968,3
550,Grocery,Batrick,3939,1
551,Computers,Hillburn,3732,2
552,Tools,Notton,173,4
553,Shoes,Hallard,4130,5
554,Industrial,Vaney,3610,5
555,Kids,Girardey,1815,6
556,Grocery,Messiter,2217,1
557,Kids,O'Kenny,2930,6
558,Automotive,Woodlands,1772,3
559,Garden,Cauthra,1423,2
560,Jewelry,Gingles,2953,1
561,Industrial,Simonelli,3489,1
562,Shoes,Normanell,3451,1
563,Industrial,MacAnespie,3897,6
564,Industrial,Armin,2347,1
565,Toys,Snaddin,1480,3
566,Tools,Birchett,2589,4
567,Shoes,Bonaire,1036,3
568,Automotive,Gother,2951,5
569,Grocery,Vernham,361,2
570,Shoes,Finley,2368,5
571,Music,Leif,5071,5
572,Jewelry,Bridal,2496,2
573,Jewelry,Boobyer,83,5
574,Clothing,Fronczak,319,6
575,Jewelry,Kurtis,3025,6
576,Industrial,Naseby,4059,1
577,Jewelry,Pinnion,1129,2
578,Kids,Minker,79,5
579,Games,Hould,4695,2
580,Automotive,McBrearty,3493,3
581,Outdoors,Malling,3252,2
582,Automotive,Upjohn,1282,3
583,Beauty,Stidson,701,4
584,Jewelry,Bagshaw,185,1
585,Industrial,Cutts,1678,1
586,Jewelry,Ruddiman,2632,3
587,Health,Weinham,4593,6
588,Books,Barnardo,2101,3
589,Grocery,Agett,4774,6
590,Toys,Keiling,724,6
591,Shoes,Mountain,2298,1
592,Movies,Coggen,237,3
593,Clothing,Lahive,5041,6
594,Grocery,Mushart,2618,4
595,Industrial,Dimsdale,917,5
596,Jewelry,Fouldes,3055,6
597,Kids,Partlett,4036,3
598,Outdoors,Flinders,617,6
599,Clothing,Weatherdon,1910,2
600,Garden,McMichan,3504,6
601,Toys,Bedow,925,4
602,Jewelry,Ludovici,5580,6
603,Garden,Vasyunichev,2209,6
604,Outdoors,Constable,5598,2
605,Shoes,Malloy,3221,5
606,Games,Stirrup,3699,1
607,Grocery,Cannam,2841,2
608,Kids,Seamark,383,2
609,Kids,Fishpool,1761,3
610,Books,Bratch,4492,3
611,Music,Paulet,1373,4
612,Music,McClory,1901,1
613,Music,Keemar,3578,3
614,Automotive,Corselles,1748,5
615,Shoes,Philippsohn,2050,4
616,Baby,Lacy,4095,4
617,Toys,Chalfont,5006,5
618,Movies,Fallowes,2293,1
619,Beauty,O'Cleary,3332,2
620,Beauty,Harbinson,201,2
621,Tools,Rentalll,3005,5
622,Music,Stone Fewings,5200,3
623,Toys,Cromblehome,1067,5
624,Jewelry,Jaimez,2602,6
625,Jewelry,Wright,273,1
626,Tools,Hartup,4517,3
627,Computers,Kibard,1088,3
628,Kids,Rubens,4330,5
629,Toys,Branney,4479,2
630,Kids,Maltman,5402,2
631,Books,Leads,5595,4
632,Kids,Jamblin,3483,2
633,Jewelry,Kimber,4842,4
634,Automotive,Willford,1682,2
635,Outdoors,Cutts,1607,4
636,Sports,Acedo,4197,6
637,Sports,Ballendine,759,1
638,Movies,Diggell,4174,5
639,Shoes,Megany,2289,4
640,Grocery,Botting,5154,5
641,Sports,Jans,4511,2
642,Industrial,Pratty,32,2
643,Tools,Dundridge,146,1
644,Health,Sebley,1544,1
645,Books,Lineker,641,2
646,Toys,Giamo,5581,4
647,Toys,Ondrousek,725,4
648,Grocery,Woolfoot,6,2
649,Clothing,Pittendreigh,4125,2
650,Outdoors,Thursfield,3923,2
651,Health,Raper,780,6
652,Baby,Stalley,395,1
653,Health,Dimock,2091,3
654,Computers,Dilrew,4269,1
655,Automotive,Rowbrey,1591,6
656,Grocery,Longthorne,2641,1
657,Baby,Harlett,4984,5
658,Health,Mattheissen,2120,1
659,Industrial,Richardeau,3468,5
660,Kids,Geall,1390,4
661,Music,Burthom,4498,6
662,Jewelry,Benbow,4664,4
663,Jewelry,Kippie,1160,6
664,Computers,Deeson,1334,6
665,Games,Atto,2752,4
666,Shoes,Dodswell,3437,5
667,Movies,Darnborough,4893,5
668,Tools,Seabrooke,1998,5
669,Computers,Ciccetti,448,2
670,Health,Rosier,101,4
671,Industrial,Cheves,761,3
672,Games,Suter,4186,3
673,Electronics,Crispe,619,6
674,Computers,Boltwood,3289,1
675,Beauty,Copin,1556,5
676,Toys,Mussotti,471,4
677,Sports,Fair,2083,2
678,Sports,Learoyd,4235,1
679,Kids,Jacobowicz,1719,3
680,Beauty,Creboe,4089,2
681,Automotive,Bowker,3390,3
682,Electronics,McCalister,1271,4
683,Outdoors,Nickoll,3831,1
684,Toys,Aslet,1185,5
685,Electronics,Godthaab,2974,2
686,Beauty,Burgyn,1792,1
687,Kids,Sturt,1015,3
688,Health,Pask,4461,2
689,Clothing,MacFaul,1829,4
690,Home,Ginty,3670,1
691,Kids,Ormond,3902,3
692,Electronics,Asprey,1504,2
693,Sports,Scraggs,4563,2
694,Home,Velareal,1967,6
695,Electronics,Sloane,3497,1
696,Tools,Ratnege,5220,3
697,Tools,Shellcross,5144,4
698,Health,Cooney,33,2
699,Books,Lydster,3315,4
700,Movies,Dwerryhouse,199,6
701,Health,Boutellier,4865,6
702,Outdoors,Dreschler,5026,2
703,Jewelry,Wickerson,139,4
704,Baby,Ransome,4968,6
705,Sports,Osgordby,4445,6
706,Tools,Hedges,1117,1
707,Books,Casali,2675,3
708,Home,Chaundy,435,4
709,Jewelry,Kopps,2416,3
710,Industrial,Waterhous,4525,4
711,Kids,Burfield,522,6
712,Baby,Simon,3388,5
713,Music,Lightbourn,2783,1
714,Grocery,Coverley,4082,6
715,Baby,Monro,5093,5
716,Outdoors,Sabathe,1612,6
717,Baby,Constable,3182,4
718,Clothing,Cheavin,1650,6
719,Computers,Esherwood,1653,6
720,Computers,Kinworthy,931,1
721,Automotive,Gogarty,3393,5
722,Kids,Corneil,999,2
723,Automotive,Kilfoyle,5296,3
724,Clothing,Lewsam,1518,4
725,Movies,McKomb,3439,4
726,Beauty,Girodier,2765,6
727,Movies,Passfield,4624,6
728,Baby,Base,4399,1
729,Books,McGavin,3637,1
730,Clothing,Kubiak,3826,4
731,Computers,Harlowe,2087,2
732,Games,Gibke,5105,3
733,Computers,Iianon,2529,5
734,Books,Poulsom,3440,5
735,Movies,Richin,3027,3
736,Shoes,Cabane,2538,3
737,Movies,Beacom,625,2
738,Clothing,Jimenez,973,3
739,Jewelry,Addey,4247,3
740,Beauty,McGrath,1034,2
741,Automotive,Frays,5355,6
742,Electronics,Mavin,2705,6
743,Movies,Leon,1052,2
744,Grocery,Cossentine,856,4
745,Computers,Panchen,3386,5
746,Sports,Zorzini,427,5
747,Shoes,Northrop,1681,6
748,Health,Keaveny,3874,6
749,Garden,Stollenwerck,716,5
750,Grocery,Flynn,3755,5
751,Books,Dhennin,1024,3
752,Toys,Frankom,2662,6
753,Electronics,Duckit,3812,6
754,Automotive,Steljes,690,3
755,Jewelry,Benck,4085,5
756,Industrial,Kinforth,3154,2
757,Electronics,Pobjoy,5396,5
758,Clothing,Doale,4055,6
759,Electronics,Upward,5244,3
760,Music,Montague,1361,2
761,Baby,Darridon,5565,3
762,Home,Digg,244,5
763,Grocery,Dannatt,3522,2
764,Automotive,Ozintsev,4924,2
765,Industrial,Siegertsz,902,1
766,Home,Kilshall,4052,4
767,Clothing,Pennini,464,1
768,Tools,Moughtin,5421,4
769,Movies,Charke,3335,6
770,Computers,Thame,2090,2
771,Health,Suttell,4695,2
772,Shoes,Bellerby,3961,1
773,Industrial,Milazzo,1262,5
774,Music,Sreenan,3509,1
775,Toys,Adne,4826,5
776,Beauty,MacConnechie,3421,1
777,Beauty,Gooms,1491,1
778,Outdoors,Dorrington,2675,1
779,Electronics,Bradfield,5529,3
780,Books,Mordue,2379,6
781,Grocery,McCullen,2433,5
782,Jewelry,Mendoza,3823,1
783,Grocery,Fassum,50,3
784,Health,Laughlan,5598,4
785,Computers,Wolsey,505,5
786,Outdoors,Orris,1858,1
787,Home,Le Lievre,2618,2
788,Industrial,Adenot,2406,4
789,Home,Aberdein,5268,5
790,Tools,Mather,3121,3
791,Beauty,MacSwayde,2282,6
792,Garden,Davys,4809,2
793,Movies,Ghelardi,2041,3
794,Garden,Warsap,3772,1
795,Outdoors,Crighten,3637,3
796,Sports,Northrop,2532,5
797,Garden,Feary,966,1
798,Clothing,Coddrington,4622,4
799,Shoes,Colling,4321,2
800,Games,Avieson,1531,2
801,Outdoors,Bouzan,606,1
802,Health,Pranger,368,4
803,Outdoors,Surgeon,2996,5
804,Health,Henkens,1241,4
805,Outdoors,Trustrie,2818,1
806,Health,Malletratt,428,3
807,Sports,Alliban,2495,5
808,Shoes,Errichelli,1440,5
809,Electronics,Barlthrop,2850,4
810,Shoes,Vannacci,4235,1
811,Shoes,Rickersy,2692,4
812,Books,Poskitt,4543,2
813,Industrial,Dottrell,1970,6
814,Kids,Nicklin,1798,5
815,Shoes,Finnemore,319,2
816,Movies,Joincey,1048,5
817,Outdoors,Ick,3151,6
818,Industrial,Bagnold,2209,3
819,Books,Garfirth,3117,5
820,Tools,Cossans,5584,4
821,Music,Austins,3698,1
822,Electronics,Le Breton De La Vieuville,4045,2
823,Jewelry,Rosel,4473,4
824,Automotive,Osinin,1081,3
825,Clothing,Marian,5394,6
826,Books,Blade,4062,2
827,Books,Seal,2863,4
828,Beauty,Grim,1843,5
829,Industrial,Bingle,2468,6
830,Tools,Ashall,1033,2
831,Home,Wimms,4157,3
832,Grocery,Manoelli,1821,4
833,Toys,Lambourne,2335,3
834,Computers,Whal,3554,3
835,Kids,Bromfield,2622,1
836,Computers,Keats,3828,3
837,Outdoors,Frondt,4337,1
838,Shoes,Somerset,1561,1
839,Home,Wicklen,1323,1
840,Toys,Oleszkiewicz,4622,6
841,Health,Islip,1855,5
842,Outdoors,M'Chirrie,3767,5
843,Kids,Andreev,4701,3
844,Automotive,Turneux,2034,2
845,Health,Tixall,3015,3
846,Computers,MacGuigan,3947,3
847,Electronics,Penkethman,899,1
848,Clothing,Smither,3748,1
849,Shoes,Archibald,871,3
850,Automotive,Geri,1621,4
851,Home,Kruger,3056,3
852,Sports,Shulver,2753,3
853,Home,Skuse,5077,5
854,Health,Jeanes,538,5
855,Garden,Hofton,4741,4
856,Kids,Sandy,2461,2
857,Industrial,Ianelli,4487,5
858,Shoes,Ingrey,839,3
859,Health,Winckle,3745,6
860,Shoes,Lau,3273,2
861,Music,Garritley,1687,1
862,Electronics,Patek,4975,3
863,Health,Heinle,2842,6
864,Computers,Gaddesby,2988,3
865,Electronics,Kolis,4087,1
866,Computers,Ricardo,4250,6
867,Home,Le Batteur,2007,5
868,Beauty,Middle,3123,3
869,Movies,Lorent,910,4
870,Baby,Warner,4090,3
871,Home,Dowsett,669,2
872,Health,Sarvar,5553,5
873,Automotive,Ameer-Beg,1771,5
874,Clothing,Pietrowicz,2553,4
875,Health,McDuall,986,1
876,Sports,Early,3030,5
877,Sports,Dace,5341,3
878,Shoes,Standbridge,2986,2
879,Games,Houliston,285,1
880,Shoes,Corser,5156,3
881,Jewelry,Stolli,4603,5
882,Health,Bremner,942,3
883,Games,Howchin,2681,3
884,Automotive,Bucksey,1197,2
885,Kids,Loble,3439,6
886,Automotive,Jarman,4831,3
887,Clothing,Purches,2,6
888,Tools,Mattessen,63,6
889,Industrial,Capeling,1270,3
890,Toys,Aireton,4720,2
891,Kids,Cereceres,3532,2
892,Kids,Mewburn,1632,5
893,Home,Syrad,3689,2
894,Health,Ondrousek,1350,2
895,Home,Theuff,5600,5
896,Computers,Wingham,3572,6
897,Grocery,Retter,1466,5
898,Tools,Gowrie,1276,3
899,Clothing,Guiness,1510,1
900,Garden,Fulleylove,936,3
901,Clothing,Beche,3679,6
902,Automotive,Lody,99,4
903,Sports,Fakes,914,2
904,Tools,Bilam,2565,3
905,Automotive,Musker,5180,3
906,Tools,Castro,5055,3
907,Outdoors,Ellsom,23,3
908,Movies,Ridge,1803,3
909,Beauty,Gynn,293,1
910,Games,Mannie,5187,6
911,Industrial,Haxley,1522,6
912,Industrial,Dowdle,4795,6
913,Music,Stollberger,892,5
914,Home,Coey,8,5
915,Industrial,Crownshaw,489,3
916,Home,McCathie,2266,3
917,Automotive,Kundt,3995,2
918,Grocery,Chinnick,1339,5
919,Outdoors,Chaffey,2877,1
920,Beauty,Clamp,2532,3
921,Tools,Barrett,986,6
922,Outdoors,Balharrie,762,4
923,Outdoors,Quinevan,994,2
924,Kids,Cleland,4844,2
925,Shoes,Victory,3677,1
926,Baby,Thomassin,4189,6
927,Games,Coupe,2791,1
928,Jewelry,Lundbech,2736,6
929,Kids,Rook,2832,4
930,Games,Males,404,4
931,Industrial,Aps,3565,5
932,Toys,Dunphie,1431,2
933,Clothing,Jentzsch,5180,3
934,Jewelry,McNea,5090,2
935,Garden,Wetherald,2305,2
936,Music,Androck,3504,2
937,Home,Reditt,2377,6
938,Outdoors,Wyldes,3689,5
939,Outdoors,Degue,2319,1
940,Baby,Harnetty,4847,5
941,Clothing,Bridgnell,3590,6
942,Kids,Bleasdille,643,3
943,Home,Gazey,4681,3
944,Automotive,Goffe,2809,4
945,Toys,Lichtfoth,2228,1
946,Kids,Melato,2226,3
947,Games,Skewes,4948,6
948,Beauty,Dyment,3679,6
949,Clothing,Bosenworth,769,6
950,Kids,Gibby,498,3
951,Tools,Barnes,2031,4
952,Sports,Scrancher,773,6
953,Health,Farn,1075,5
954,Games,Pellman,1208,4
955,Outdoors,Rushby,3175,2
956,Tools,Dwyr,3173,5
957,Clothing,Liley,2409,1
958,Toys,Mitrovic,3111,3
959,Movies,Lorant,3667,5
960,Grocery,Skule,3135,3
961,Tools,Paladino,1395,4
962,Industrial,Clemitt,2704,3
963,Movies,Tremayne,54,4
964,Jewelry,Tremmil,5015,5
965,Outdoors,Dell Casa,695,4
966,Shoes,Rix,5398,4
967,Grocery,Claque,4592,4
968,Games,Malletratt,2011,5
969,Garden,Oluwatoyin,3224,2
970,Clothing,Isakson,4179,2
971,Industrial,Ciccone,1743,2
972,Games,Carnegy,144,4
973,Music,Terrelly,5543,3
974,Baby,Wehnerr,565,2
975,Games,Jiggens,953,4
976,Music,Aguirrezabal,2256,2
977,Outdoors,Buddles,952,3
978,Beauty,Raggatt,877,3
979,Health,Calkin,4114,2
980,Games,Hayne,2920,2
981,Books,Organer,3031,1
982,Automotive,Wethered,4913,2
983,Games,Rodge,5104,3
984,Movies,Binnion,2030,5
985,Music,Van Daalen,2738,4
986,Grocery,Robuchon,3210,4
987,Kids,Dunlap,4398,1
988,Games,Gabbetis,2036,4
989,Clothing,Tipping,2337,3
990,Jewelry,Worlock,410,3
991,Garden,Euplate,3330,4
992,Movies,Housecroft,1462,3
993,Health,Calderon,3633,1
994,Outdoors,Ricker,4250,1
995,Music,Villa,765,6
996,Baby,Figg,4449,3
997,Movies,Alwell,1595,4
998,Toys,Lillo,1841,4
999,Home,MacTague,3518,1
1000,Games,McGeachey,1422,4
